{"loss": [0.021597225219011307, 0.010042160749435425, 0.008885778486728668, 0.008514081127941608, 0.007507062517106533, 0.0065221344120800495, 0.005426015239208937, 0.004475124180316925, 0.004158501513302326, 0.004018953535705805, 0.0040813591331243515, 0.004046669229865074, 0.003917366731911898, 0.003874801332131028, 0.0038003860972821712, 0.003762287087738514, 0.003625124227255583, 0.0039488449692726135, 0.003907262813299894, 0.00400328915566206, 0.004019908141344786, 0.00400167191401124, 0.004199851769953966], "mae": [0.15874435007572174, 0.11492252349853516, 0.10848485678434372, 0.10626090317964554, 0.09942370653152466, 0.09204244613647461, 0.08330433070659637, 0.07533995807170868, 0.0727626159787178, 0.07151848077774048, 0.0720418244600296, 0.07166632264852524, 0.07052098959684372, 0.07011544704437256, 0.06943625956773758, 0.06910481303930283, 0.06785258650779724, 0.07075675576925278, 0.07038520276546478, 0.07127314060926437, 0.07122904062271118, 0.07117308676242828, 0.07272753119468689], "val_loss": [0.006967571098357439, 0.007119327317923307, 0.006700471974909306, 0.006361662410199642, 0.005713458172976971, 0.004309746436774731, 0.0035452197771519423, 0.0032145220320671797, 0.0032374998554587364, 0.003020885633304715, 0.002839721040800214, 0.0032998763490468264, 0.002892223419621587, 0.003191436408087611, 0.00310753146186471, 0.0035292510874569416, 0.003271241206675768, 0.004301781300455332, 0.004989137407392263, 0.0047661177814006805, 0.005207253620028496, 0.005853559356182814, 0.005792695097625256], "val_mae": [0.09587264060974121, 0.09674787521362305, 0.09396230429410934, 0.09073648601770401, 0.08534717559814453, 0.07350154966115952, 0.06649406254291534, 0.06327792257070541, 0.06364455819129944, 0.06156124919652939, 0.059798385947942734, 0.06449728459119797, 0.060441162437200546, 0.06350944191217422, 0.06274600327014923, 0.066517673432827, 0.06422089785337448, 0.07173386961221695, 0.07714218646287918, 0.07544801384210587, 0.07847923040390015, 0.08011149615049362, 0.08041452616453171], "learning_rate": [0.0010000000474974513, 0.0010000000474974513, 0.0010000000474974513, 0.0010000000474974513, 0.0010000000474974513, 0.0010000000474974513, 0.0010000000474974513, 0.0010000000474974513, 0.0010000000474974513, 0.0010000000474974513, 0.0010000000474974513, 0.0010000000474974513, 0.0010000000474974513, 0.0010000000474974513, 0.0010000000474974513, 0.0010000000474974513, 0.0010000000474974513, 0.0005000000237487257, 0.0005000000237487257, 0.0005000000237487257, 0.0005000000237487257, 0.0005000000237487257, 0.0005000000237487257]}